Year,Portfolio_Return,SP500_Return
2022,-25.860027447,-18.11088748
2023,44.822632332,26.287658871
2024,240.330076212,25.019679836
2025,107.15185362,17.879973544
